Date,Close,High,Low,Open,Volume,Returns
6/1/2022,29799.08008,31957.28516,29501.58789,31792.55469,41135817341,-0.062695364
6/2/2022,30467.48828,30604.73438,29652.70508,29794.89063,29083562061,0.022430498
6/3/2022,29704.39063,30633.03516,29375.68945,30467.80664,26175547452,-0.025046294
6/4/2022,29832.91406,29930.56445,29500.00586,29706.13867,16588370958,0.004326749
6/5/2022,29906.66211,30117.74414,29574.44922,29835.11719,17264085441,0.002472036
6/6/2022,31370.67188,31693.29102,29894.1875,29910.2832,31947336829,0.04895263
6/7/2022,31155.47852,31489.68359,29311.68359,31371.74219,40770974039,-0.006859699
6/8/2022,30214.35547,31253.69141,29944.4043,31151.48047,30242059107,-0.030207305
6/9/2022,30111.99805,30609.31055,30020.26563,30215.2793,21692004719,-0.003387708
6/10/2022,29083.80469,30245.80859,28978.14648,30110.33008,29867476527,-0.034145637
6/11/2022,28360.81055,29401.91602,28236.21289,29084.66602,27246574439,-0.024858994
6/12/2022,26762.64844,28502.68555,26762.64844,28373.51367,34163220274,-0.056351073
6/13/2022,22487.38867,26795.58984,22141.25781,26737.57813,68204556440,-0.15974726
6/14/2022,22206.79297,23018.95117,20950.81836,22487.98633,50913575242,-0.012477914
6/15/2022,22572.83984,22642.67188,20178.37695,22196.73047,54912007015,0.016483554
6/16/2022,20381.65039,22868.92188,20265.22656,22576.30469,31183975654,-0.097071944
6/17/2022,20471.48242,21243.3125,20326.51953,20385.71875,27132421514,0.004407495
6/18/2022,19017.64258,20736.04102,17708.62305,20473.42578,42009436760,-0.07101781
6/19/2022,20553.27148,20683.82227,18067.15234,19010.90234,35329942625,0.080747595
6/20/2022,20599.53711,20913.32227,19689.16992,20553.37109,30818458597,0.00225101
6/21/2022,20710.59766,21620.62891,20415.0625,20594.29492,28970212744,0.00539141
6/22/2022,19987.0293,20835.75,19848.07813,20719.41406,28574793478,-0.034937107
6/23/2022,21085.87695,21135.76172,19950.11719,19986.60742,26188097173,0.054978038
6/24/2022,21231.65625,21472.91797,20777.51172,21084.64844,24957784918,0.006913599
6/25/2022,21502.33789,21520.91406,20964.58594,21233.60938,18372538715,0.012748965
6/26/2022,21027.29492,21783.72461,21016.26953,21496.49414,18027170497,-0.022092619
6/27/2022,20735.47852,21478.08984,20620.19922,21028.23828,20965695707,-0.013877981
6/28/2022,20280.63477,21164.42383,20228.8125,20731.54492,21381535161,-0.021935532
6/29/2022,20104.02344,20364.15625,19937.79102,20281.16992,23552740328,-0.008708373
6/30/2022,19784.72656,20141.16016,18729.65625,20108.3125,26267239923,-0.015882238
7/1/2022,19269.36719,20632.67188,19073.70898,19820.4707,30767551159,-0.026048345
7/2/2022,19242.25586,19371.74805,19027.08203,19274.83594,18100418740,-0.001406965
7/3/2022,19297.07617,19558.26953,18966.95117,19242.0957,16390821947,0.002848955
7/4/2022,20231.26172,20258.74805,19063.06641,19297.31445,21594638208,0.04841073
7/5/2022,20190.11523,20635.4668,19341.23242,20225.35352,26715546990,-0.002033807
7/6/2022,20548.24609,20595.5293,19823.51172,20194.61914,24598943708,0.01773793
7/7/2022,21637.58789,21771.81641,20296.10352,20547.81445,25814972520,0.053013858
7/8/2022,21731.11719,22314.94141,21257.45313,21637.1543,49899834488,0.004322538
7/9/2022,21592.20703,21877.13867,21445.95703,21716.82813,29641127858,-0.006392223
7/10/2022,20860.44922,21591.08008,20727.12305,21591.08008,28688807249,-0.033889903
7/11/2022,19970.55664,20856.35352,19924.53906,20856.35352,24150249025,-0.04265932
7/12/2022,19323.91406,20043.44531,19308.53125,19970.47461,25810220018,-0.032379797
7/13/2022,20212.07422,20223.05273,18999.95313,19325.97266,33042430345,0.045961711
7/14/2022,20569.91992,20789.89453,19689.25781,20211.4668,31158743333,0.017704551
7/15/2022,20836.32813,21138.24414,20397,20573.15625,25905575359,0.012951349
7/16/2022,21190.31641,21514.4043,20518.89844,20834.10352,24302954056,0.016988995
7/17/2022,20779.34375,21600.64063,20778.17969,21195.04102,22927802083,-0.019394361
7/18/2022,22485.68945,22633.0332,20781.91211,20781.91211,39974475562,0.082117401
7/19/2022,23389.43359,23666.96289,21683.40625,22467.84961,48765202697,0.040191969
7/20/2022,23231.73242,24196.81836,23009.94922,23393.19141,42932549127,-0.006742411
7/21/2022,23164.62891,23388.32227,22431.14844,23233.20117,33631012204,-0.002888442
7/22/2022,22714.97852,23671.92773,22603.41602,23163.75195,31421555646,-0.019411077
7/23/2022,22465.47852,22977.21094,22002.91016,22706.98438,24021799169,-0.010983942
7/24/2022,22609.16406,22974.00195,22306.83984,22465.50977,23565495303,0.006395837
7/25/2022,21361.70117,22649.12109,21361.64258,22607.15625,35574561406,-0.0551751
7/26/2022,21239.75391,21361.12109,20776.81641,21361.12109,28624673855,-0.005708687
7/27/2022,22930.54883,22986.5293,21070.80664,21244.16992,31758955233,0.079605203
7/28/2022,23843.88672,24110.4707,22722.26563,22933.64063,40212386158,0.039830616
7/29/2022,23804.63281,24294.78711,23481.17383,23845.21289,35887249746,-0.001646288
7/30/2022,23656.20703,24572.58008,23580.50781,23796.81836,28148218301,-0.006235164
7/31/2022,23336.89648,24121.64258,23275.70313,23652.07031,23553591896,-0.01349796
8/1/2022,23314.19922,23464.78711,22890.79688,23336.71875,25849159141,-0.000972591
8/2/2022,22978.11719,23415.04102,22710.08398,23308.43359,28389250717,-0.014415337
8/3/2022,22846.50781,23578.65039,22747.83594,22981.30273,26288169966,-0.005727596
8/4/2022,22630.95703,23198.00977,22485.70117,22848.21484,25120229769,-0.009434737
8/5/2022,23289.31445,23422.82813,22612.17773,22626.83398,28881249043,0.029091011
8/6/2022,22961.2793,23326.5625,22961.2793,23291.42383,15978259885,-0.014085222
8/7/2022,23175.89063,23359.00977,22894.55664,22963.50586,15886817043,0.009346662
8/8/2022,23809.48633,24203.68945,23176.54688,23179.52734,28575544847,0.02733857
8/9/2022,23164.31836,23898.61523,22982,23811.48438,23555719219,-0.027097097
8/10/2022,23947.64258,24127.41406,22771.51953,23162.89844,32837431722,0.033815984
8/11/2022,23957.5293,24822.62891,23900.99609,23948.3457,37127036580,0.000412847
8/12/2022,24402.81836,24412.56641,23657.26563,23957.20313,27265804688,0.018586602
8/13/2022,24424.06836,24860.05078,24346.11523,24402.1875,22987346289,0.000870801
8/14/2022,24319.33398,24974.91406,24206.25977,24429.05664,22994133555,-0.004288163
8/15/2022,24136.97266,25135.58984,23839.77539,24318.31641,35123501685,-0.007498615
8/16/2022,23883.29102,24228.41602,23733.5,24126.13672,27753685646,-0.010510085
8/17/2022,23335.99805,24407.05859,23243.35352,23881.31641,30931623076,-0.022915308
8/18/2022,23212.73828,23563.83203,23177.60156,23341.03906,23747613147,-0.005281958
8/19/2022,20877.55273,23213.3125,20868.84766,23213.3125,40509610260,-0.100599314
8/20/2022,21166.06055,21350.80664,20856.73047,20872.8418,27595671000,0.013819044
8/21/2022,21534.12109,21668.8457,21103.19727,21160.39258,23102307723,0.017389185
8/22/2022,21398.9082,21531.46289,20939.18359,21531.46289,31666498758,-0.006279007
8/23/2022,21528.08789,21646.20313,20955.13867,21401.04492,31878280659,0.006036742
8/24/2022,21395.01953,21783.07617,21195.00586,21526.45508,31962253368,-0.006181151
8/25/2022,21600.9043,21789.63672,21362.44141,21395.45898,31028679593,0.009623023
8/26/2022,20260.01953,21804.9082,20199.48242,21596.08594,42326789564,-0.0620754
8/27/2022,20041.73828,20340.77539,19890.52344,20262.48047,30116729776,-0.01077399
8/28/2022,19616.81445,20139.05469,19616.81445,20041.03516,24366810591,-0.021201945
8/29/2022,20297.99414,20357.46289,19600.78516,19615.1543,32637854078,0.034724276
8/30/2022,19796.80859,20542.64453,19617.64063,20298.61133,34483360283,-0.024691383
8/31/2022,20049.76367,20420.99023,19799.58203,19799.58203,33225232872,0.012777569
9/1/2022,20127.14063,20198.39063,19653.96875,20050.49805,30182031010,0.003859245
9/2/2022,19969.77148,20401.56836,19814.76563,20126.07227,29123998928,-0.007818753
9/3/2022,19832.08789,20037.00977,19698.35547,19969.71875,23613051457,-0.0068946
9/4/2022,19986.71289,19999.68945,19636.81641,19832.4707,25245861652,0.007796708
9/5/2022,19812.37109,20031.16016,19673.04688,19988.78906,28813460025,-0.008722885
9/6/2022,18837.66797,20155.26953,18800.17188,19817.72461,43403978910,-0.049196692
9/7/2022,19290.32422,19427.17188,18644.4668,18837.68359,35239757134,0.024029315
9/8/2022,19329.83398,19417.35156,19076.71484,19289.94141,32194477850,0.002048165
9/9/2022,21381.15234,21439.41016,19310.96289,19328.14063,48469528171,0.106121882
9/10/2022,21680.53906,21760.27539,21168.72266,21376.91211,36913738894,0.014002366
9/11/2022,21769.25586,21770.55273,21406.94531,21678.54297,34493951963,0.004092001
9/12/2022,22370.44922,22439.18164,21603.89648,21770.14844,50212088965,0.027616624
9/13/2022,20296.70703,22673.82031,20062.66992,22371.48047,51091116622,-0.092700069
9/14/2022,20241.08984,20467.20117,19793.39648,20184.55469,37872380889,-0.002740207
9/15/2022,19701.21094,20318.16602,19636.73438,20242.28906,36389011503,-0.026672423
9/16/2022,19772.58398,19870.62891,19400.07617,19704.00586,30123362273,0.003622775
9/17/2022,20127.57617,20162.53125,19777.0332,19777.0332,24957448100,0.017953758
9/18/2022,19419.50586,20127.23438,19387.49219,20127.23438,31254779144,-0.035179115
9/19/2022,19544.12891,19639.48047,18390.31836,19418.57227,40177002624,0.006417416
9/20/2022,18890.78906,19602.45703,18813.45508,19545.5918,36791346508,-0.033428957
9/21/2022,18547.40039,19674.63086,18290.31445,18891.2832,46363793975,-0.018177572
9/22/2022,19413.55078,19456.91016,18415.5918,18534.65039,41135767926,0.046699288
9/23/2022,19297.63867,19464.67188,18617.55273,19412.40039,38896078052,-0.005970681
9/24/2022,18937.01172,19310.19727,18861.97461,19296.99023,26149643168,-0.018687621
9/25/2022,18802.09766,19134.73242,18696.46875,18936.31055,23359966112,-0.007124359
9/26/2022,19222.67188,19274.87305,18721.28516,18803.90039,44148798321,0.022368473
9/27/2022,19110.54688,20338.45508,18915.66797,19221.83984,58571439619,-0.005832956
9/28/2022,19426.7207,19688.34375,18553.29688,19104.62109,53071298734,0.016544468
9/29/2022,19573.05078,19589.26563,18924.35352,19427.7793,41037843771,0.007532413
9/30/2022,19431.78906,20109.84961,19265.66211,19573.43164,43975248085,-0.007217154
10/1/2022,19312.0957,19471.1543,19231.08203,19431.10547,18719537670,-0.006159667
10/2/2022,19044.10742,19370.30859,18970.62109,19311.84961,20765955327,-0.013876706
10/3/2022,19623.58008,19653.54297,19025.22656,19044.06836,30484729489,0.030427924
10/4/2022,20336.84375,20380.34375,19523.83984,19623.58398,35887278685,0.036347276
10/5/2022,20160.7168,20343.74805,19801.80078,20335.90039,33223790572,-0.008660486
10/6/2022,19955.44336,20408.39258,19900.08789,20161.03906,34711412966,-0.010181852
10/7/2022,19546.84961,20041.08594,19395.79297,19957.55859,29227315390,-0.020475303
10/8/2022,19416.56836,19601.69531,19299.41406,19546.32813,16437423167,-0.006665077
10/9/2022,19446.42578,19542.53906,19349.25977,19417.47852,16837262532,0.001537729
10/10/2022,19141.48438,19515.4668,19102.97852,19446.41602,27425022774,-0.015681103
10/11/2022,19051.41797,19241.96094,18925.60352,19139,28711532910,-0.004705299
10/12/2022,19157.44531,19203.19922,19029.75781,19052.64648,24950173846,0.005565326
10/13/2022,19382.9043,19453.32813,18319.82227,19156.9668,44219840004,0.01176874
10/14/2022,19185.65625,19889.14648,19115.4082,19382.5332,38452356727,-0.010176393
10/15/2022,19067.63477,19212.54102,19019.25,19185.4375,16192235532,-0.006151548
10/16/2022,19268.09375,19389.60352,19068.91406,19068.91406,17988916650,0.010513049
10/17/2022,19550.75781,19635.80273,19173.33398,19268.5625,27472552998,0.014670059
10/18/2022,19334.41602,19666.99414,19144.76953,19550.4668,30580012344,-0.011065648
10/19/2022,19139.53516,19348.41602,19127.6875,19335.02734,22425387184,-0.01007948
10/20/2022,19053.74023,19315.19922,18971.45898,19138.08594,24493974420,-0.004482602
10/21/2022,19172.46875,19237.38477,18770.9707,19053.20313,32459287866,0.006231245
10/22/2022,19208.18945,19248.06836,19132.24414,19172.38086,16104440957,0.001863125
10/23/2022,19567.00781,19646.65234,19124.19727,19207.73438,22128794335,0.018680488
10/24/2022,19345.57227,19589.125,19206.32422,19567.76953,30202235805,-0.011316781
10/25/2022,20095.85742,20348.41211,19261.44727,19344.96484,47761524910,0.038783301
10/26/2022,20770.44141,20938.13477,20076.11719,20092.23633,58895950537,0.033568311
10/27/2022,20285.83594,20854.04492,20255.37305,20772.80273,49625110402,-0.023331496
10/28/2022,20595.35156,20724.98047,20086.06836,20287.95703,43994715910,0.015257721
10/29/2022,20818.47656,20988.39453,20566.48438,20595.10352,40369840645,0.010833755
10/30/2022,20635.60352,20917.00586,20547.46289,20817.98242,31486345556,-0.00878417
10/31/2022,20495.77344,20795.32031,20287.45898,20633.69531,45668466815,-0.006776156
11/1/2022,20485.27344,20647.28906,20359.8457,20494.89844,39819303159,-0.000512301
11/2/2022,20159.50391,20742.81055,20087.13477,20482.95898,55552169483,-0.015902621
11/3/2022,20209.98828,20382.0957,20086.24023,20162.68945,43228750179,0.002504247
11/4/2022,21147.23047,21209.56055,20188.01953,20208.76953,64072727950,0.046375197
11/5/2022,21282.69141,21446.88672,21097.63477,21144.83203,37846047609,0.006405611
11/6/2022,20926.48633,21345.37695,20920.19141,21285.05664,35082693210,-0.016736844
11/7/2022,20602.81641,21053.24609,20489.97266,20924.62109,53510852236,-0.015466998
11/8/2022,18541.27148,20664.60742,17603.54492,20600.67188,1.19E+11,-0.100061316
11/9/2022,15880.78027,18590.45898,15682.69238,18543.76172,1.03E+11,-0.143490225
11/10/2022,17586.77148,18054.3125,15834.01855,15883.1582,83202283721,0.107424899
11/11/2022,17034.29297,17650.94336,16543.48242,17583.25195,55871616488,-0.031414436
11/12/2022,16799.18555,17066.67578,16651.77539,17036.875,29717699419,-0.013802006
11/13/2022,16353.36523,16920.76563,16320.63477,16799.72266,27209183682,-0.02653821
11/14/2022,16618.19922,17109.32422,15872.94141,16352.02832,49630243054,0.016194464
11/15/2022,16884.61328,17051.96289,16542.55078,16617.48438,36599436183,0.016031464
11/16/2022,16669.43945,16960.29492,16430.11133,16884.3418,33925512989,-0.012743782
11/17/2022,16687.51758,16726.43945,16460.68359,16670.42578,27868914022,0.001084507
11/18/2022,16697.77734,16947.05859,16564.61133,16687.91211,26862218609,0.000614817
11/19/2022,16711.54688,16797.87695,16570.41016,16696.2207,16106223492,0.000824633
11/20/2022,16291.83203,16746.7793,16248.69238,16712.91992,21313378652,-0.02511526
11/21/2022,15787.28418,16291.22363,15599.04688,16291.22363,37429485518,-0.030969375
11/22/2022,16189.76953,16253.04785,15656.60645,15782.30078,30726828760,0.025494274
11/23/2022,16610.70703,16638.19336,16170.50293,16195.58887,32958875628,0.026000216
11/24/2022,16604.46484,16771.47461,16501.76758,16611.63672,26129037414,-0.000375793
11/25/2022,16521.8418,16603.31641,16388.4043,16602.26953,18678255976,-0.004975954
11/26/2022,16464.28125,16666.86328,16416.22852,16521.57617,18000008764,-0.003483906
11/27/2022,16444.62695,16594.40625,16437.02539,16463.88281,20443898509,-0.001193754
11/28/2022,16217.32227,16482.93359,16054.53027,16440.22266,27743025156,-0.013822429
11/29/2022,16444.98242,16522.25781,16139.39648,16217.63965,23581685468,0.014038085
11/30/2022,17168.56641,17190.9375,16445.47656,16445.47656,29523576583,0.044000289
12/1/2022,16967.13281,17197.49805,16888.38867,17168.00195,22895392882,-0.011732697
12/2/2022,17088.66016,17088.66016,16877.88086,16968.68359,19539705127,0.007162515
12/3/2022,16908.23633,17116.04102,16888.14063,17090.09766,16217776704,-0.010558103
12/4/2022,17130.48633,17157.76758,16903.43945,16908.16992,16824520830,0.013144482
12/5/2022,16974.82617,17378.15234,16922.43164,17128.89453,22209086834,-0.009086733
12/6/2022,17089.50391,17091.86328,16939.92188,16975.23828,19889922369,0.006755753
12/7/2022,16848.12695,17109.37695,16750.55859,17089.50586,19675404389,-0.014124281
12/8/2022,17233.47461,17267.91602,16788.7832,16847.34961,20496603770,0.02287184
12/9/2022,17133.15234,17280.54688,17100.83594,17232.14844,20328426366,-0.00582136
12/10/2022,17128.72461,17216.82617,17120.68359,17134.2207,12706781969,-0.000258431
12/11/2022,17104.19336,17245.63477,17091.82031,17129.71094,14122486832,-0.00143217
12/12/2022,17206.4375,17212.56445,16899.39453,17102.5,19617581341,0.005977724
12/13/2022,17781.31836,17930.08594,17111.76367,17206.44141,26634741631,0.033410801
12/14/2022,17815.65039,18318.53125,17739.51367,17782.06641,25534481470,0.001930792
12/15/2022,17364.86523,17846.74414,17322.58984,17813.64453,20964448341,-0.025302762
12/16/2022,16647.48438,17505.52539,16584.70117,17364.54688,24031608960,-0.041312204
12/17/2022,16795.0918,16800.58984,16614.0293,16646.98242,14463581825,0.00886665
12/18/2022,16757.97656,16815.38672,16697.82031,16795.60938,10924354698,-0.002209886
12/19/2022,16439.67969,16807.52734,16398.13672,16759.04102,17221074814,-0.018993753
12/20/2022,16906.30469,17012.98438,16427.86719,16441.78711,22722096615,0.028384069
12/21/2022,16817.53516,16916.80078,16755.91211,16904.52734,14882945045,-0.005250676
12/22/2022,16830.3418,16866.67383,16592.4082,16818.38086,16441573050,0.000761505
12/23/2022,16796.95313,16905.21875,16794.45898,16829.64453,15329265213,-0.001983838
12/24/2022,16847.75586,16864.70313,16793.52734,16796.97656,9744636213,0.003024521
12/25/2022,16841.98633,16860.55469,16755.25391,16847.50586,11656379938,-0.000342451
12/26/2022,16919.80469,16920.12305,16812.36914,16842.25,11886957804,0.004620498
12/27/2022,16717.17383,16959.8457,16642.07227,16919.29102,15748580239,-0.011975957
12/28/2022,16552.57227,16768.16992,16497.55664,16716.40039,17005713920,-0.009846255
12/29/2022,16642.3418,16651.75586,16508.68359,16552.32227,14472237479,0.005423298
12/30/2022,16602.58594,16643.42773,16408.47461,16641.33008,15929162910,-0.002388838
12/31/2022,16547.49609,16628.98633,16517.51953,16603.67383,11239186456,-0.003318148
1/1/2023,16625.08008,16630.43945,16521.23438,16547.91406,9244361700,0.004688563
1/2/2023,16688.4707,16759.34375,16572.22852,16625.50977,12097775227,0.003812952
1/3/2023,16679.85742,16760.44727,16622.37109,16688.84766,13903079207,-0.000516122
1/4/2023,16863.23828,16964.58594,16667.76367,16680.20508,18421743322,0.01099415
1/5/2023,16836.73633,16884.02148,16790.2832,16863.47266,13692758566,-0.001571581
1/6/2023,16951.96875,16991.99414,16716.42188,16836.47266,14413662913,0.006844107
1/7/2023,16955.07813,16975.01758,16914.19141,16952.11719,7714767174,0.000183423
1/8/2023,17091.14453,17091.14453,16924.05078,16954.14648,9768827914,0.008025112
1/9/2023,17196.55469,17389.95703,17093.99219,17093.99219,18624736866,0.006167531
1/10/2023,17446.29297,17484.7207,17162.99023,17192.94922,15808338949,0.014522577
1/11/2023,17934.89648,17934.89648,17337.99414,17446.35938,18372283782,0.028006151
1/12/2023,18869.58789,19030.08789,17995.20313,18117.59375,34971338710,0.052115796
1/13/2023,19909.57422,19964.32227,18753.16406,18868.90625,29225029694,0.055114417
1/14/2023,20976.29883,21075.14258,19907.82813,19910.53711,38967784639,0.053578474
1/15/2023,20880.79883,20993.74805,20606.98633,20977.48438,19298407543,-0.004552757
1/16/2023,21169.63281,21360.875,20715.74609,20882.22461,26792494050,0.013832516
1/17/2023,21161.51953,21438.66016,20978.5332,21175.83398,24999983362,-0.000383251
1/18/2023,20688.78125,21564.50195,20541.54492,21161.05078,30005625418,-0.022339524
1/19/2023,21086.79297,21163.01172,20685.38086,20686.74609,21152848261,0.019238046
1/20/2023,22676.55273,22692.35742,20919.12695,21085.37305,28799154319,0.075391254
1/21/2023,22777.625,23282.34766,22511.83398,22677.42773,32442278429,0.004457127
1/22/2023,22720.41602,23056.73047,22387.90039,22777.98633,24746386230,-0.002511631
1/23/2023,22934.43164,23126.48633,22654.30469,22721.08789,26518700512,0.009419529
1/24/2023,22636.46875,23134.01172,22549.74414,22929.62695,26405069715,-0.012991946
1/25/2023,23117.85938,23722.09961,22406.07617,22639.26758,30685366709,0.021266154
1/26/2023,23032.77734,23237.07813,22911.37305,23108.95508,26357839322,-0.003680359
1/27/2023,23078.72852,23417.7207,22654.59375,23030.7168,25383335641,0.001995034
1/28/2023,23031.08984,23165.89648,22908.8457,23079.96484,14712928379,-0.002064181
1/29/2023,23774.56641,23919.89063,22985.07031,23031.44922,27423687259,0.032281432
1/30/2023,22840.13867,23789.34766,22657.58203,23774.64844,27205595568,-0.039303671
1/31/2023,23139.2832,23225.02148,22765.56836,22840.79688,22837828665,0.013097317
2/1/2023,23723.76953,23764.53906,22877.75,23137.83594,26683255504,0.025259483
2/2/2023,23471.87109,24167.21094,23468.5957,23720.82422,32066936882,-0.010617977
2/3/2023,23449.32227,23678.10352,23279.95508,23469.41211,27083066007,-0.000960675
2/4/2023,23331.84766,23556.94922,23291.79492,23446.32031,15639298538,-0.005009723
2/5/2023,22955.66602,23423.43555,22841.75977,23332.24805,19564262605,-0.016123097
2/6/2023,22760.10938,23119.2793,22692.02539,22954.02148,23825006542,-0.008518883
2/7/2023,23264.29102,23310.97461,22756.25781,22757.26758,27187964471,0.022151987
2/8/2023,22939.39844,23367.95898,22731.09766,23263.41602,25371367758,-0.01396529
2/9/2023,21819.03906,22996.4375,21773.97461,22946.56641,32572572185,-0.048839963
2/10/2023,21651.18359,21941.18555,21539.39258,21819.00586,27078406594,-0.007693073
2/11/2023,21870.875,21891.41016,21618.44922,21651.8418,16356226232,0.010146854
2/12/2023,21788.20313,22060.99414,21682.82813,21870.90234,17821046406,-0.003779999
2/13/2023,21808.10156,21898.41406,21460.08789,21787,23918742607,0.000913267
2/14/2023,22220.80469,22293.14063,21632.39453,21801.82227,26792596581,0.018924303
2/15/2023,24307.8418,24307.8418,22082.76953,22220.58594,32483312909,0.093922661
2/16/2023,23623.47461,25134.11719,23602.52344,24307.34961,39316664596,-0.028154173
2/17/2023,24565.60156,24924.04102,23460.75586,23621.2832,41358451255,0.039880965
2/18/2023,24641.27734,24798.83594,24468.37305,24565.29688,19625427158,0.003080559
2/19/2023,24327.64258,25093.05469,24327.64258,24640.02734,25555105670,-0.012728024
2/20/2023,24829.14844,25020.45898,23927.91016,24336.62305,28987376573,0.020614651
2/21/2023,24436.35352,25126.85156,24200.36328,24833.04883,31252098714,-0.015819911
2/22/2023,24188.84375,24472.33984,23644.31836,24437.41797,30199996781,-0.010128752
2/23/2023,23947.49219,24572.08984,23693.91992,24190.71875,30476264066,-0.009977805
2/24/2023,23198.12695,24103.70508,23007.07227,23946.00781,26811744928,-0.031292013
2/25/2023,23175.375,23210.21094,22861.55859,23200.125,16100721565,-0.000980767
2/26/2023,23561.21289,23654.36719,23084.2207,23174.15039,16644534842,0.016648615
2/27/2023,23522.87109,23857.89063,23205.87891,23561.45117,22660763494,-0.001627327
2/28/2023,23147.35352,23585.38477,23077.65039,23521.83789,20535363434,-0.015963935
3/1/2023,23646.55078,23880.63281,23088.62695,23150.92969,24662841200,0.021566062
3/2/2023,23475.4668,23739.13867,23245.02148,23647.01953,20386398516,-0.00723505
3/3/2023,22362.67969,23479.34766,22213.23828,23476.63281,26062404610,-0.047402129
3/4/2023,22353.34961,22405.17773,22198.98047,22362.92383,11166012913,-0.000417216
3/5/2023,22435.51367,22613.68555,22307.14258,22354.14453,13317001733,0.003675694
3/6/2023,22429.75781,22584.29297,22331.31445,22436.81641,17353192895,-0.000256551
3/7/2023,22219.76953,22527.41797,22011.26172,22428.32227,22765452204,-0.00936204
3/8/2023,21718.08008,22268.89648,21708.05078,22216.44141,22536575684,-0.022578517
3/9/2023,20363.02148,21802.7168,20210.30664,21720.08008,30364664171,-0.062393112
3/10/2023,20187.24414,20370.5957,19628.25391,20367.00195,39578257695,-0.008632184
3/11/2023,20632.41016,20792.52539,20068.66016,20187.87695,30180288176,0.022051847
3/12/2023,22163.94922,22185.03125,20448.80664,20628.0293,29279035521,0.07422977
3/13/2023,24197.5332,24550.83789,21918.19922,22156.40625,49466362688,0.091751879
3/14/2023,24746.07422,26514.7168,24081.18359,24201.76563,54622230164,0.022669295
3/15/2023,24375.96094,25240.61523,23964.91016,24770.92578,43655701450,-0.014956444
3/16/2023,25052.78906,25190.32617,24225.11133,24373.45703,33866061747,0.027766213
3/17/2023,27423.92969,27787.8125,24955.16992,25055.12305,50730261335,0.094645775
3/18/2023,26965.87891,27725.95313,26636.26172,27448.11719,35723036817,-0.016702595
3/19/2023,28038.67578,28440.56055,26907.7168,26969.50391,37769448859,0.039783494
3/20/2023,27767.23633,28527.72461,27242.88086,28041.60156,44774027664,-0.009680894
3/21/2023,28175.81641,28439.5625,27439.64648,27768.39258,36102192830,0.014714467
3/22/2023,27307.4375,28803.33594,26759.99609,28158.7207,33382021890,-0.030820009
3/23/2023,28333.97266,28729.84375,27183.36328,27301.95703,24220433689,0.037591779
3/24/2023,27493.28516,28388.4375,27039.26563,28324.11133,25980310960,-0.029670654
3/25/2023,27494.70703,27791.82617,27196.23438,27487.33789,13383005987,5.17E-05
3/26/2023,27994.33008,28178.14453,27445.04688,27495.52344,13878363192,0.018171608
3/27/2023,27139.88867,28037.92578,26606.68945,27994.06836,18188895178,-0.030521945
3/28/2023,27268.13086,27460.71875,26677.81836,27132.88867,17783600385,0.004725229
3/29/2023,28348.44141,28619.54297,27259.66211,27267.03125,20684945906,0.039618064
3/30/2023,28033.5625,29159.90234,27720.16016,28350.14063,22435349951,-0.01110745
3/31/2023,28478.48438,28639.89648,27583.71484,28032.26172,19001327598,0.015871043
4/1/2023,28411.03516,28802.45703,28297.17188,28473.33203,10876469901,-0.002368427
4/2/2023,28199.30859,28518.95898,27884.08789,28462.8457,12284641999,-0.007452265
4/3/2023,27790.2207,28475.62305,27276.7207,28183.08008,19556501327,-0.014507018
4/4/2023,28168.08984,28433.74219,27681.30469,27795.27344,15284538859,0.013597198
4/5/2023,28177.98438,28739.23828,27843.76367,28169.72656,17052315986,0.000351267
4/6/2023,28044.14063,28178.38477,27738.75977,28175.22656,13837809380,-0.004749941
4/7/2023,27925.85938,28111.59375,27794.03125,28038.9668,10861680497,-0.004217681
4/8/2023,27947.79492,28159.86328,27883.38672,27920.51367,9373255556,0.000785492
4/9/2023,28333.05078,28532.83008,27828.48047,27952.36719,12175322951,0.013784839
4/10/2023,29652.98047,29771.46484,28189.27148,28336.02734,19282400094,0.046586218
4/11/2023,30235.05859,30509.08398,29609.30078,29653.67969,20121259843,0.019629667
4/12/2023,30139.05273,30462.48047,29725.57422,30231.58203,18651929926,-0.003175316
4/13/2023,30399.06641,30539.8457,29878.62305,29892.74023,17487721001,0.008627135
4/14/2023,30485.69922,31005.60742,30044.49805,30409.5625,22659995079,0.002849851
4/15/2023,30318.49609,30601.74023,30245.88281,30490.75,11940685378,-0.005484641
4/16/2023,30315.35547,30555.53711,30157.83203,30315.97656,12854816417,-0.000103588
4/17/2023,29445.04492,30319.19727,29275.37109,30317.14648,17872186762,-0.028708571
4/18/2023,30397.55273,30470.30273,29154.84961,29449.0918,19480529496,0.032348662
4/19/2023,28822.67969,30411.05469,28669.89844,30394.1875,24571565421,-0.051809205
4/20/2023,28245.98828,29076.40039,28037.25781,28823.68359,21340360360,-0.020008251
4/21/2023,27276.91016,28349.96875,27177.36523,28249.23047,20759504330,-0.034308523
4/22/2023,27817.5,27872.14258,27169.57031,27265.89453,13125734602,0.019818588
4/23/2023,27591.38477,27820.24414,27400.31445,27816.14453,12785446832,-0.008128525
4/24/2023,27525.33984,27979.98242,27070.84961,27591.73047,17703288330,-0.002393679
4/25/2023,28307.59766,28371.07813,27207.93164,27514.87305,17733373139,0.028419551
4/26/2023,28422.70117,29995.83789,27324.54883,28300.05859,31854242019,0.00406617
4/27/2023,29473.78711,29871.54688,28402.88672,28428.46484,27153445027,0.036980508
4/28/2023,29340.26172,29572.79102,28929.60938,29481.01367,17544464887,-0.00453031
4/29/2023,29248.48828,29452.45508,29088.04297,29336.56641,10662634333,-0.003127901
4/30/2023,29268.80664,29952.0293,29114.02148,29245.51563,14652199272,0.000694681
5/1/2023,28091.56836,29329.93555,27680.79297,29227.10352,18655599976,-0.040221602
5/2/2023,28680.53711,28881.29883,27924.12305,28087.17578,16432924527,0.020966033
5/3/2023,29006.30859,29259.5332,28178.38867,28680.49414,19122972518,0.011358626
5/4/2023,28847.71094,29353.18555,28694.03906,29031.30469,15548678514,-0.005467695
5/5/2023,29534.38477,29668.9082,28845.50977,28851.48047,17936566518,0.023803408
5/6/2023,28904.62305,29820.12695,28468.9668,29538.85938,15913866714,-0.021323001
5/7/2023,28454.97852,29157.51758,28441.36719,28901.62305,11301355486,-0.015556146
5/8/2023,27694.27344,28663.27148,27310.13477,28450.45703,19122903752,-0.026733637
5/9/2023,27658.77539,27821.40039,27375.60156,27695.06836,14128593256,-0.001281783
5/10/2023,27621.75586,28322.6875,26883.66992,27654.63672,20656025026,-0.001338437
5/11/2023,27000.78906,27621.94141,26781.82617,27621.08594,16724343943,-0.022481076
5/12/2023,26804.99023,27055.64648,25878.42969,26987.66211,19313599897,-0.007251597
5/13/2023,26784.07813,27030.48242,26710.87305,26807.76953,9999171605,-0.000780157
5/14/2023,26930.63867,27150.97656,26661.35547,26788.97461,10014858959,0.005471928
5/15/2023,27192.69336,27646.34766,26766.09766,26931.38477,14413231792,0.009730727
5/16/2023,27036.65039,27299.30469,26878.94727,27171.51367,12732238816,-0.005738415
5/17/2023,27398.80273,27465.92773,26600.14453,27035.4707,15140006925,0.013394867
5/18/2023,26832.20898,27466.52734,26415.10156,27401.65039,15222938600,-0.020679508
5/19/2023,26890.12891,27128.61914,26700.21094,26826.75391,11258983301,0.002158597
5/20/2023,27129.58594,27155.1582,26843.27734,26888.8418,7044911360,0.008905016
5/21/2023,26753.82617,27265.91797,26706.92188,27118.42383,8647416921,-0.013850553
5/22/2023,26851.27734,27045.73438,26549.73438,26749.89258,11056770492,0.003642513
5/23/2023,27225.72656,27434.68359,26816.17969,26855.96094,13697203143,0.013945304
5/24/2023,26334.81836,27224.60352,26106.57617,27224.60352,16299104428,-0.032723028
5/25/2023,26476.20703,26591.51953,25890.59375,26329.46094,13851122697,0.005368887
5/26/2023,26719.29102,26916.66992,26343.94922,26474.18164,12711619225,0.009181224
5/27/2023,26868.35352,26888.88281,26621.14063,26720.18164,7892015141,0.005578834
5/28/2023,28085.64648,28193.44922,26802.75195,26871.1582,14545229578,0.045305827
5/29/2023,27745.88477,28432.03906,27563.87695,28075.5918,15181308984,-0.012097344
5/30/2023,27702.34961,28044.75977,27588.50195,27745.12305,13251081851,-0.001569067
5/31/2023,27219.6582,27831.67773,26866.45313,27700.5293,15656371534,-0.017424205
6/1/2023,26819.97266,27346.10547,26671.7207,27218.41211,14678970415,-0.014683709
6/2/2023,27249.58984,27303.86133,26574.64453,26824.55664,14837415000,0.016018554
6/3/2023,27075.12891,27317.05273,26958.00391,27252.32422,8385597470,-0.006402333
6/4/2023,27119.06641,27407.01953,26968.22461,27075.12305,9360912318,0.001622799
6/5/2023,25760.09766,27129.98242,25445.16797,27123.10938,21513292646,-0.050111192
6/6/2023,27238.7832,27313.82031,25434.86719,25732.10938,21929670693,0.057402172
6/7/2023,26345.99805,27332.18164,26146.98828,27235.65039,19530045082,-0.03277625
6/8/2023,26508.2168,26797.51367,26246.66406,26347.6543,11904824295,0.006157244
6/9/2023,26480.375,26770.28906,26339.31445,26505.92383,11015551640,-0.001050308
6/10/2023,25851.24023,26531.04492,25501.83594,26481.76172,19872933189,-0.023758529
6/11/2023,25940.16797,26203.43945,25668.98633,25854.03125,10732609603,0.003439979
6/12/2023,25902.5,26087.91992,25675.19727,25934.28516,11677889997,-0.00145211
6/13/2023,25918.72852,26376.35156,25728.36523,25902.94141,14143474486,0.000626523
6/14/2023,25124.67578,26041.80078,24902.15234,25920.25781,14265717766,-0.030636253
6/15/2023,25576.39453,25735.30859,24797.16797,25121.67383,15837384409,0.017979088
6/16/2023,26327.46289,26463.17383,25245.35742,25575.2832,16324646965,0.029365686
6/17/2023,26510.67578,26769.39453,26174.49219,26328.67969,11090276850,0.006959003
6/18/2023,26336.21289,26675.92578,26325.89063,26510.45703,9565695129,-0.006580854
6/19/2023,26851.0293,26984.61133,26312.83203,26335.44141,12826986222,0.019547853
6/20/2023,28327.48828,28388.96875,26668.79102,26841.66406,22211859147,0.054987053
6/21/2023,30027.29688,30737.33008,28283.41016,28311.31055,33346760979,0.060005623
6/22/2023,29912.28125,30495.99805,29679.1582,29995.93555,20653160491,-0.003830369
6/23/2023,30695.46875,31389.53906,29845.21484,29896.38281,24115570085,0.026182807
6/24/2023,30548.69531,30804.14844,30290.14648,30708.73828,12147822496,-0.004781599
6/25/2023,30480.26172,31041.27148,30327.94336,30545.15039,12703464114,-0.002240148
6/26/2023,30271.13086,30636.0293,29955.74414,30480.52344,16493186997,-0.00686119
6/27/2023,30688.16406,31006.78711,30236.65039,30274.32031,16428827944,0.013776598
6/28/2023,30086.24609,30703.2793,29921.82227,30696.56055,14571500779,-0.01961401
6/29/2023,30445.35156,30796.25,30057.20313,30086.1875,13180860821,0.011935868
6/30/2023,30477.25195,31256.86328,29600.27539,30441.35352,26387306197,0.001047792
7/1/2023,30590.07813,30641.28906,30328.86523,30471.84766,9086606733,0.00370198
7/2/2023,30620.76953,30766.14063,30264.01953,30587.26953,10533418042,0.001003312
7/3/2023,31156.43945,31375.61328,30586.51367,30624.51563,15271884873,0.017493679
7/4/2023,30777.58203,31325.19727,30659.35547,31156.86523,12810828427,-0.012159843
7/5/2023,30514.16602,30877.33008,30225.61328,30778.72461,12481622280,-0.008558698
7/6/2023,29909.33789,31460.05273,29892.22656,30507.15039,21129219509,-0.019821224
7/7/2023,30342.26563,30434.64453,29777.28516,29907.99805,13384770155,0.014474668
7/8/2023,30292.54102,30374.4375,30080.16016,30346.92188,7509378699,-0.00163879
7/9/2023,30171.23438,30427.58984,30085.5918,30291.61133,7903327692,-0.004004505
7/10/2023,30414.4707,31026.08398,29985.39453,30172.42383,14828209155,0.008061862
7/11/2023,30620.95117,30788.31445,30358.09766,30417.63281,12151839152,0.006788889
7/12/2023,30391.64648,30959.96484,30228.83594,30622.24609,14805659717,-0.00748849
7/13/2023,31476.04883,31814.51563,30268.35156,30387.48828,23686079548,0.035680934
7/14/2023,30334.06836,31582.25391,29966.38672,31474.7207,20917902660,-0.036280935
7/15/2023,30295.80664,30407.78125,30263.46289,30331.7832,8011667756,-0.001261345
7/16/2023,30249.13281,30437.56055,30089.66992,30297.47266,8516564470,-0.001540604
7/17/2023,30145.88867,30336.40039,29685.7832,30249.62695,13240156074,-0.003413127
7/18/2023,29856.5625,30233.65625,29556.42773,30147.07031,13138897269,-0.009597533
7/19/2023,29913.92383,30184.18164,29794.26953,29862.04688,12128602812,0.00192123
7/20/2023,29792.01563,30195.53125,29638.0957,29915.25,14655207121,-0.0040753
7/21/2023,29908.74414,30045.99805,29733.85156,29805.11133,10972789818,0.003918114
7/22/2023,29771.80273,29991.61523,29664.12109,29908.69727,7873300598,-0.004578641
7/23/2023,30084.53906,30330.64063,29741.52734,29790.11133,9220145050,0.010504447
7/24/2023,29176.91602,30093.39453,28934.29492,30081.66211,15395817395,-0.030169086
7/25/2023,29227.39063,29353.16016,29062.43359,29178.9707,10266772793,0.00172995
7/26/2023,29354.97266,29675.55273,29113.91211,29225.75977,13497554655,0.004365153
7/27/2023,29210.68945,29560.9668,29099.35156,29353.79883,10770779217,-0.00491512
7/28/2023,29319.24609,29521.51367,29125.8457,29212.16406,11218474952,0.003716333
7/29/2023,29356.91797,29396.84375,29264.16602,29319.44531,6481775959,0.001284886
7/30/2023,29275.30859,29443.16992,29059.50195,29357.09375,8678454527,-0.002779903
7/31/2023,29230.11133,29489.87305,29131.57813,29278.31445,11656781982,-0.00154387
8/1/2023,29675.73242,29675.73242,28657.02344,29230.87305,18272392391,0.015245275
8/2/2023,29151.95898,29987.99805,28946.50977,29704.14648,19212655598,-0.017649891
8/3/2023,29178.67969,29375.70703,28959.48828,29161.8125,12780357746,0.000916601
8/4/2023,29074.0918,29302.07813,28885.33594,29174.38281,12036639988,-0.003584394
8/5/2023,29042.12695,29102.46484,28957.79688,29075.38867,6598366353,-0.001099427
8/6/2023,29041.85547,29160.82227,28963.83398,29043.70117,7269806994,-9.35E-06
8/7/2023,29180.57813,29244.28125,28724.14063,29038.51367,13618163710,0.004776646
8/8/2023,29765.49219,30176.79688,29113.81445,29180.01953,17570561357,0.020044636
8/9/2023,29561.49414,30093.43555,29376.80078,29766.69531,18379521213,-0.006853508
8/10/2023,29429.5918,29688.56445,29354.44727,29563.97266,11865344789,-0.004461965
8/11/2023,29397.71484,29517.77344,29253.51758,29424.90234,10195168197,-0.00108316
8/12/2023,29415.96484,29465.11328,29357.58789,29399.78711,6194358008,0.000620797
8/13/2023,29282.91406,29441.43359,29265.80664,29416.59375,7329897180,-0.004523081
8/14/2023,29408.44336,29660.25391,29124.10547,29283.26367,14013695304,0.004286776
8/15/2023,29170.34766,29439.12109,29088.85352,29408.04883,12640195779,-0.008096168
8/16/2023,28701.7793,29221.97656,28701.7793,29169.07422,14949271904,-0.016063174
8/17/2023,26664.55078,28745.94727,25409.11133,28699.80273,31120851211,-0.070979172
8/18/2023,26049.55664,26808.19531,25668.92188,26636.07813,24026236529,-0.02306411
8/19/2023,26096.20508,26249.44922,25802.4082,26047.83203,10631443812,0.001790757
8/20/2023,26189.58398,26260.68164,26004.31445,26096.86133,9036580420,0.003578256
8/21/2023,26124.14063,26220.20117,25846.08789,26188.69141,13371557893,-0.002498832
8/22/2023,26031.65625,26135.50781,25520.72852,26130.74805,14503820706,-0.003540188
8/23/2023,26431.64063,26786.89844,25804.99805,26040.47461,16985265785,0.015365306
8/24/2023,26162.37305,26554.91016,25914.92578,26431.51953,12871532023,-0.01018732
8/25/2023,26047.66797,26248.10352,25786.8125,26163.67969,12406045118,-0.004384353
8/26/2023,26008.46289,26107.38477,25983.87891,26047.23438,6034817316,-0.001505128
8/27/2023,26089.69336,26165.37305,25965.09766,26008.24219,6913768611,0.003123232
8/28/2023,26106.15039,26198.57813,25880.59961,26089.61523,11002805166,0.000630787
8/29/2023,27727.39258,28089.33789,25912.62891,26102.48633,29368391712,0.062101925
8/30/2023,27297.26563,27760.16016,27069.20703,27726.08398,16343655235,-0.015512708
8/31/2023,25931.47266,27456.07813,25752.92969,27301.92969,20181001451,-0.050034058
9/1/2023,25800.72461,26125.86914,25362.60938,25934.02148,17202862221,-0.00504206
9/2/2023,25868.79883,25970.28516,25753.09375,25800.91016,10100387473,0.002638462
9/3/2023,25969.56641,26087.14844,25817.03125,25869.47266,8962524523,0.003895333
9/4/2023,25812.41602,26081.52539,25657.02539,25968.16992,10680635106,-0.006051329
9/5/2023,25779.98242,25858.375,25589.98828,25814.95703,11094740040,-0.001256511
9/6/2023,25753.23633,25953.01563,25404.35938,25783.93164,12752705327,-0.001037475
9/7/2023,26240.19531,26409.30273,25608.20117,25748.3125,11088307100,0.018908652
9/8/2023,25905.6543,26414.00586,25677.48047,26245.20898,10817356400,-0.012749182
9/9/2023,25895.67773,25921.97656,25810.49414,25905.42578,5481314132,-0.000385111
9/10/2023,25832.22656,25978.13086,25640.26172,25895.21094,7899553047,-0.002450261
9/11/2023,25162.6543,25883.94727,24930.29688,25831.71484,14600006467,-0.025920037
9/12/2023,25833.34375,26451.93945,25133.07813,25160.6582,18657279324,0.026654162
9/13/2023,26228.32422,26376.11328,25781.12305,25837.55469,13072077070,0.01528956
9/14/2023,26539.67383,26774.62305,26171.45117,26228.27734,13811359124,0.01187074
9/15/2023,26608.69336,26840.49805,26240.70117,26533.81836,11479735788,0.002600617
9/16/2023,26568.28125,26754.76953,26473.89063,26606.19922,7402031417,-0.001518756
9/17/2023,26534.1875,26617.99805,26445.07422,26567.92773,6774210670,-0.00128325
9/18/2023,26754.28125,27414.73438,26415.51563,26532.99414,15615339655,0.008294724
9/19/2023,27211.11719,27488.76367,26681.60547,26760.85156,13807690550,0.017075246
9/20/2023,27132.00781,27379.50586,26864.08203,27210.22852,13281116604,-0.002907245
9/21/2023,26567.63281,27152.93945,26389.30078,27129.83984,13371443708,-0.020801078
9/22/2023,26579.56836,26726.07813,26495.5332,26564.05664,10578746709,0.000449251
9/23/2023,26579.39063,26634.18555,26520.51953,26578.55664,7404700301,-6.69E-06
9/24/2023,26256.82617,26716.05859,26221.05078,26579.37305,8192867686,-0.012135886
9/25/2023,26298.48047,26421.50781,26011.46875,26253.77539,11997833257,0.001586418
9/26/2023,26217.25,26389.88477,26090.71289,26294.75781,9985498161,-0.003088789
9/27/2023,26352.7168,26817.8418,26111.46484,26209.49805,11718380997,0.005167086
9/28/2023,27021.54688,27259.5,26327.32227,26355.8125,14079002707,0.025379929
9/29/2023,26911.7207,27225.9375,26721.76367,27024.8418,10396435377,-0.004064392
9/30/2023,26967.91602,27091.79492,26888.96875,26911.68945,5331172801,0.002088135
10/1/2023,27983.75,28047.23828,26965.09375,26967.39648,9503917434,0.037668242
10/2/2023,27530.78516,28494.45898,27347.78711,27976.79883,19793041322,-0.01618671
10/3/2023,27429.97852,27667.19141,27216.00195,27508.25195,11407814187,-0.003661597
10/4/2023,27799.39453,27826.6582,27248.10547,27429.07422,11143355314,0.013467601
10/5/2023,27415.91211,28091.86133,27375.60156,27798.64648,11877253670,-0.013794632
10/6/2023,27946.59766,28252.53711,27215.55273,27412.12305,13492391599,0.019356844
10/7/2023,27968.83984,28028.0918,27870.42383,27946.78125,6553044316,0.000795882
10/8/2023,27935.08984,28102.16992,27740.66211,27971.67773,7916875290,-0.0012067
10/9/2023,27583.67773,27989.4707,27302.5625,27934.47266,12007668568,-0.012579595
10/10/2023,27391.01953,27715.84766,27301.6543,27589.20117,9973350678,-0.0069845
10/11/2023,26873.32031,27474.11523,26561.09961,27392.07617,13648094333,-0.018900327
10/12/2023,26756.79883,26921.43945,26558.32031,26873.29297,9392909295,-0.004335954
10/13/2023,26862.375,27092.69727,26686.32227,26752.87891,15165312851,0.00394577
10/14/2023,26861.70703,26969,26814.58594,26866.20313,5388116782,-2.49E-05
10/15/2023,27159.65234,27289.16992,26817.89453,26858.01172,7098201980,0.011091823
10/16/2023,28519.4668,29448.13867,27130.47266,27162.62891,27833876539,0.050067447
10/17/2023,28415.74805,28618.75195,28110.18555,28522.09766,14872527508,-0.00363677
10/18/2023,28328.3418,28889.00977,28174.25195,28413.53125,12724128586,-0.003075979
10/19/2023,28719.80664,28892.47461,28177.98828,28332.41602,14448058195,0.013818841
10/20/2023,29682.94922,30104.08594,28601.66992,28732.8125,21536125230,0.033535831
10/21/2023,29918.41211,30287.48242,29481.75195,29683.38086,11541146996,0.007932598
10/22/2023,29993.89648,30199.43359,29720.3125,29918.6543,10446520040,0.002523007
10/23/2023,33086.23438,34370.4375,30097.82813,30140.68555,38363572311,0.103098905
10/24/2023,33901.52734,35150.43359,32880.76172,33077.30469,44934999645,0.024641455
10/25/2023,34502.82031,35133.75781,33709.10938,33916.04297,25254318008,0.017736457
10/26/2023,34156.64844,34832.91016,33762.32422,34504.28906,19427195376,-0.010033147
10/27/2023,33909.80078,34238.21094,33416.88672,34156.5,16418032871,-0.007226929
10/28/2023,34089.57422,34399.39063,33874.80469,33907.72266,10160330825,0.005301519
10/29/2023,34538.48047,34743.26172,33947.56641,34089.37109,11160323986,0.013168432
10/30/2023,34502.36328,34843.93359,34110.97266,34531.74219,17184860315,-0.001045709
10/31/2023,34667.78125,34719.25391,34083.30859,34500.07813,15758270810,0.004794395
11/1/2023,35437.25391,35527.92969,34170.69141,34657.27344,22446272005,0.022195613
11/2/2023,34938.24219,35919.84375,34401.57422,35441.57813,20998158544,-0.014081557
11/3/2023,34732.32422,34942.47266,34133.44141,34942.47266,17158456701,-0.00589377
11/4/2023,35082.19531,35256.03125,34616.69141,34736.32422,9561294264,0.010073357
11/5/2023,35049.35547,35340.33984,34594.24219,35090.01172,12412743996,-0.000936083
11/6/2023,35037.37109,35286.02734,34765.36328,35044.78906,12693436420,-0.000341929
11/7/2023,35443.5625,35892.41797,34545.81641,35047.79297,18834737789,0.01159309
11/8/2023,35655.27734,35994.41797,35147.80078,35419.47656,17295394918,0.005973295
11/9/2023,36693.125,37926.25781,35592.10156,35633.63281,37762672382,0.029107827
11/10/2023,37313.96875,37493.80078,36362.75391,36702.25,22711265155,0.016919893
11/11/2023,37138.05078,37407.09375,36773.66797,37310.07031,13924272142,-0.004714534
11/12/2023,37054.51953,37227.69141,36779.11719,37133.99219,11545715999,-0.002249209
11/13/2023,36502.35547,37405.11719,36399.60547,37070.30469,19057712790,-0.014901396
11/14/2023,35537.64063,36753.35156,34948.5,36491.78906,23857403554,-0.026428838
11/15/2023,37880.58203,37964.89453,35383.78125,35548.11328,27365821679,0.065928446
11/16/2023,36154.76953,37934.625,35545.47266,37879.98047,26007385366,-0.045559292
11/17/2023,36596.68359,36704.48438,35901.23438,36164.82422,22445028430,0.012222843
11/18/2023,36585.70313,36839.28125,36233.3125,36625.37109,11886022717,-0.00030004
11/19/2023,37386.54688,37509.35547,36414.59766,36585.76563,12915986553,0.021889527
11/20/2023,37476.95703,37756.82031,36882.53125,37374.07422,20888209068,0.002418254
11/21/2023,35813.8125,37631.14063,35813.8125,37469.16016,25172163756,-0.04437779
11/22/2023,37432.33984,37856.98047,35670.97266,35756.55469,24397247860,0.045192825
11/23/2023,37289.62109,37643.91797,36923.86328,37420.43359,14214948217,-0.003812712
11/24/2023,37720.28125,38415.33984,37261.60547,37296.31641,22922957823,0.011549062
11/25/2023,37796.79297,37892.42969,37617.41797,37721.41406,9099571165,0.002028397
11/26/2023,37479.12109,37820.30078,37162.75,37796.82813,13744796068,-0.008404731
11/27/2023,37254.16797,37559.35547,36750.12891,37454.19141,19002925720,-0.006002092
11/28/2023,37831.08594,38368.48047,36891.08984,37247.99219,21696137014,0.015485998
11/29/2023,37858.49219,38366.11328,37612.63281,37826.10547,20728546658,0.000724437
11/30/2023,37712.74609,38141.75391,37531.14063,37861.11719,18115982627,-0.00384976
12/1/2023,38688.75,38954.10938,37629.35938,37718.00781,23512784002,0.025879948
12/2/2023,39476.33203,39678.9375,38652.59375,38689.27734,15534035612,0.020356875
12/3/2023,39978.39063,40135.60547,39298.16406,39472.20703,15769696322,0.012717965
12/4/2023,41980.09766,42371.75,39978.62891,39978.62891,39856129827,0.050069725
12/5/2023,44080.64844,44408.66406,41421.14844,41986.26563,36312154535,0.050036825
12/6/2023,43746.44531,44265.76953,43478.08203,44080.02344,29909761586,-0.007581629
12/7/2023,43292.66406,44042.58984,42880.64844,43769.13281,27635760671,-0.010372986
12/8/2023,44166.60156,44705.51563,43125.29688,43293.13672,24421116687,0.020186734
12/9/2023,43725.98438,44361.25781,43627.59766,44180.01953,17368210171,-0.009976253
12/10/2023,43779.69922,44034.625,43593.28516,43728.38281,13000481418,0.001228442
12/11/2023,41243.83203,43808.375,40234.57813,43792.01953,40632672038,-0.057923358
12/12/2023,41450.22266,42048.30469,40667.5625,41238.73438,24779520132,0.005004157
12/13/2023,42890.74219,43429.78125,40676.86719,41468.46484,26797884674,0.034752999
12/14/2023,43023.97266,43390.85938,41767.08984,42884.26172,25578530178,0.003106276
12/15/2023,41929.75781,43087.82422,41692.96875,43028.25,19639442462,-0.025432678
12/16/2023,42240.11719,42664.94531,41723.11328,41937.74219,14386729590,0.007401888
12/17/2023,41364.66406,42359.49609,41274.54297,42236.10938,16678702876,-0.020725632
12/18/2023,42623.53906,42720.29688,40530.25781,41348.20313,25224642008,0.030433585
12/19/2023,42270.52734,43354.29688,41826.33594,42641.51172,23171001281,-0.008282084
12/20/2023,43652.25,44275.58594,42223.81641,42261.30078,27868908174,0.032687613
12/21/2023,43869.15234,44240.66797,43330.05078,43648.125,22452766169,0.00496887
12/22/2023,43997.90234,44367.95703,43441.96875,43868.98828,21028503216,0.002934864
12/23/2023,43739.54297,44015.69922,43351.35547,44012.19922,13507796558,-0.005872084
12/24/2023,43016.11719,43945.52344,42786.91797,43728.36719,18830554085,-0.0165394
12/25/2023,43613.14063,43765.09375,42765.76953,43010.57422,21115795370,0.013879064
12/26/2023,42520.40234,43603.17578,41676.48828,43599.84766,30026850982,-0.025055253
12/27/2023,43442.85547,43683.16016,42167.58203,42518.46875,25260941032,0.021694365
12/28/2023,42627.85547,43804.78125,42318.55078,43468.19922,22992093014,-0.018760277
12/29/2023,42099.40234,43124.32422,41424.0625,42614.64453,26000021055,-0.012396897
12/30/2023,42156.90234,42584.125,41556.22656,42091.75391,16013925945,0.001365815
12/31/2023,42265.1875,42860.9375,41998.25391,42152.09766,16397498810,0.002568622
1/1/2024,44167.33203,44175.4375,42214.97656,42280.23438,18426978443,0.045004995
1/2/2024,44957.96875,45899.70703,44176.94922,44187.14063,39335274536,0.017900939
1/3/2024,42848.17578,45503.24219,40813.53516,44961.60156,46342323118,-0.04692812
1/4/2024,44179.92188,44770.02344,42675.17578,42855.81641,30448091210,0.031080579
1/5/2024,44162.69141,44353.28516,42784.71875,44192.98047,32336029347,-0.000390007
1/6/2024,43989.19531,44227.63281,43475.15625,44178.95313,16092503468,-0.003928567
1/7/2024,43943.09766,44495.57031,43662.23047,43998.46484,19330573863,-0.001047931
1/8/2024,46970.50391,47218,43244.08203,43948.70703,42746192015,0.068893783
1/9/2024,46139.73047,47893.69922,45244.71484,46987.64063,39821290992,-0.017687131
1/10/2024,46627.77734,47647.22266,44483.15234,46121.53906,50114613298,0.010577584
1/11/2024,46368.58594,48969.37109,45678.64453,46656.07422,45833734549,-0.005558734
1/12/2024,42853.16797,46498.13672,41903.76953,46354.79297,43332698900,-0.075814647
1/13/2024,42842.38281,43234.66016,42464.14453,42799.44531,20601860469,-0.000251677
1/14/2024,41796.26953,43065.59766,41724.61328,42842.26172,17521429522,-0.024417719
1/15/2024,42511.96875,43319.72266,41705.41797,41715.06641,22320220558,0.017123519
1/16/2024,43154.94531,43566.27344,42085.99609,42499.33594,24062872740,0.015124601
1/17/2024,42742.65234,43189.89063,42189.30859,43132.10156,20851232595,-0.009553783
1/18/2024,41262.05859,42876.34766,40631.17188,42742.3125,25218357242,-0.034639726
1/19/2024,41618.40625,42134.16016,40297.45703,41278.46094,25752407154,0.008636206
1/20/2024,41665.58594,41877.89453,41446.82422,41624.58984,11586690904,0.001133626
1/21/2024,41545.78516,41855.36719,41497.00781,41671.48828,9344043642,-0.002875293
1/22/2024,39507.36719,41651.20703,39450.11719,41553.65234,31338708143,-0.049064375
1/23/2024,39845.55078,40127.35156,38521.89453,39518.71484,29244553045,0.008560013
1/24/2024,40077.07422,40483.78516,39508.79688,39877.59375,22359526178,0.005810522
1/25/2024,39933.80859,40254.48047,39545.66406,40075.55078,18491782013,-0.003574753
1/26/2024,41816.87109,42209.38672,39825.69141,39936.81641,25598119893,0.047154593
1/27/2024,42120.05469,42195.63281,41431.28125,41815.625,11422941934,0.00725027
1/28/2024,42035.59375,42797.17578,41696.91016,42126.125,16858971687,-0.002005243
1/29/2024,43288.24609,43305.86719,41818.33203,42030.91406,20668476578,0.029799801
1/30/2024,42952.60938,43838.94531,42711.37109,43300.22656,23842814518,-0.00775353
1/31/2024,42582.60547,43717.40625,42298.94531,42946.25,24673628793,-0.008614236
2/1/2024,43075.77344,43243.16797,41879.19141,42569.76172,21423953779,0.011581442
2/2/2024,43185.85938,43422.48828,42584.33594,43077.64063,18603843039,0.002555635
2/3/2024,42992.25,43359.94141,42890.80859,43184.96484,11169245236,-0.004483166
2/4/2024,42583.58203,43097.64453,42374.83203,42994.94141,14802225490,-0.009505619
2/5/2024,42658.66797,43494.25,42264.81641,42577.62109,18715487317,0.00176326
2/6/2024,43084.67188,43344.14844,42529.01953,42657.39063,16798476726,0.009986339
2/7/2024,44318.22266,44341.94922,42775.95703,43090.01953,21126587775,0.02863085
2/8/2024,45301.56641,45575.83984,44332.125,44332.125,26154524080,0.022188249
2/9/2024,47147.19922,48152.49609,45260.82422,45297.38281,39316770844,0.040741037
2/10/2024,47771.27734,48146.17188,46905.32031,47153.52734,16398681570,0.013236802
2/11/2024,48293.91797,48535.9375,47617.40625,47768.96875,19315867136,0.010940478
2/12/2024,49958.22266,50280.47656,47745.76172,48296.38672,34511985805,0.034461994
2/13/2024,49742.44141,50358.39063,48406.49609,49941.35938,35593051468,-0.004319234
2/14/2024,51826.69531,52021.37109,49296.83203,49733.44531,39105608050,0.041900917
2/15/2024,51938.55469,52820.06641,51371.62891,51836.78516,38564360533,0.002158335
2/16/2024,52160.20313,52537.96875,51641.36719,51937.72656,28180567298,0.004267513
2/17/2024,51662.99609,52191.91406,50669.66797,52161.67578,20009091006,-0.009532306
2/18/2024,52122.54688,52356.96484,51233.70703,51661.96875,17595377311,0.008895163
2/19/2024,51779.14453,52483.32422,51711.82031,52134.8125,21362184346,-0.006588365
2/20/2024,52284.875,52945.05078,50792.3125,51777.72656,33353758256,0.009767069
2/21/2024,51839.17969,52368.81641,50671.75781,52273.53516,28624907020,-0.008524364
2/22/2024,51304.97266,52009.61328,50926.29297,51854.64453,25413900611,-0.010305083
2/23/2024,50731.94922,51497.93359,50561.77734,51283.90625,21427078270,-0.011168965
2/24/2024,51571.10156,51684.19531,50585.44531,50736.37109,15174077879,0.016540905
2/25/2024,51733.23828,51950.02734,51306.17188,51565.21484,15413239245,0.003143945
2/26/2024,54522.40234,54938.17578,50931.03125,51730.53906,34074411896,0.053914353
2/27/2024,57085.37109,57537.83984,54484.19922,54519.36328,49756832031,0.047007627
2/28/2024,62504.78906,63913.13281,56738.42578,57071.09766,83239156760,0.09493532
2/29/2024,61198.38281,63585.64453,60498.73047,62499.18359,65496611844,-0.020900898
3/1/2024,62440.63281,63155.10156,60802.52734,61168.0625,40186368423,0.020298739
3/2/2024,62029.84766,62458.69922,61657.28906,62431.65234,23888473685,-0.006578812
3/3/2024,63167.37109,63230.21094,61435.02344,62031.57813,26253811450,0.018338324
3/4/2024,68330.41406,68537.03125,62386.51953,63137.00391,70670471105,0.081735916
3/5/2024,63801.19922,69170.625,59323.91016,68341.05469,1.03E+11,-0.066284025
3/6/2024,66106.80469,67637.92969,62848.67188,63776.05078,68750229073,0.036137337
3/7/2024,66925.48438,68029.92188,65655.53125,66099.74219,46989543159,0.012384197
3/8/2024,68300.09375,70083.05469,66230.45313,66938.09375,59202881172,0.020539401
3/9/2024,68498.88281,68673.05469,68053.125,68299.25781,21609650379,0.002910524
3/10/2024,69019.78906,70005.20313,68239.97656,68500.25781,35683977532,0.007604595
3/11/2024,72123.90625,72850.71094,67194.88281,69020.54688,65716656765,0.044974307
3/12/2024,71481.28906,72825.65625,68728.85156,72125.125,62554434520,-0.008909905
3/13/2024,73083.5,73637.47656,71334.09375,71482.11719,48212536929,0.02241441
3/14/2024,71396.59375,73750.07031,68563.02344,73079.375,59594605698,-0.023081903
3/15/2024,69403.77344,72357.13281,65630.69531,71387.875,78320453976,-0.02791198
3/16/2024,65315.11719,70046.27344,64801.39453,69392.48438,46842198371,-0.058911152
3/17/2024,68390.625,68845.71875,64545.31641,65316.34375,44716864318,0.047087228
3/18/2024,67548.59375,68897.13281,66594.22656,68371.30469,49261579492,-0.012312086
3/19/2024,61912.77344,68106.92969,61536.17969,67556.13281,74215844794,-0.08343357
3/20/2024,67913.67188,68115.25781,60807.78516,61930.15625,66792634382,0.096925046
3/21/2024,65491.39063,68199.99219,64580.91797,67911.58594,44480350565,-0.035667064
3/22/2024,63778.76172,66623.75,62355.37109,65489.92969,41401116964,-0.026150443
3/23/2024,64062.20313,65976.39844,63038.49219,63802.72266,24738964812,0.004444135
3/24/2024,67234.17188,67622.75781,63825.85156,64070.75391,27206630673,0.049513888
3/25/2024,69958.8125,71162.59375,66414.83594,67234.09375,42700139523,0.04052464
3/26/2024,69987.83594,71535.74219,69335.60938,69931.32813,36010437368,0.000414865
3/27/2024,69455.34375,71727.6875,68381.92969,69991.89844,40827113309,-0.007608353
3/28/2024,70744.95313,71546.02344,68895.50781,69452.77344,34374900617,0.018567461
3/29/2024,69892.82813,70913.09375,69076.65625,70744.79688,25230851763,-0.012045029
3/30/2024,69645.30469,70355.49219,69601.0625,69893.44531,17130241883,-0.003541471
3/31/2024,71333.64844,71377.78125,69624.86719,69647.78125,20050941373,0.024242033
4/1/2024,69702.14844,71342.09375,68110.69531,71333.48438,34873527352,-0.022871394
4/2/2024,65446.97266,69708.38281,64586.59375,69705.02344,50705240709,-0.061047986
4/3/2024,65980.8125,66914.32031,64559.89844,65446.67188,34488018367,0.00815683
4/4/2024,68508.84375,69291.25781,65113.79688,65975.69531,34439527442,0.038314643
4/5/2024,67837.64063,68725.75781,66011.47656,68515.75781,33748230056,-0.009797321
4/6/2024,68896.10938,69629.60156,67491.71875,67840.57031,19967785809,0.015602971
4/7/2024,69362.55469,70284.42969,68851.63281,68897.10938,21204930369,0.006770271
4/8/2024,71631.35938,72715.35938,69064.24219,69362.55469,37261432669,0.032709359
4/9/2024,69139.01563,71742.50781,68212.92188,71632.5,36426900409,-0.034794031
4/10/2024,70587.88281,71093.42969,67503.5625,69140.24219,38318601774,0.020955855
4/11/2024,70060.60938,71256.23438,69571.8125,70575.73438,30153382941,-0.007469744
4/12/2024,67195.86719,71222.74219,65254.83594,70061.38281,44129299406,-0.040889484
4/13/2024,63821.47266,67931.42969,60919.10547,67188.375,52869738185,-0.050217293
4/14/2024,65738.72656,65824.42969,62205.85156,63836.23047,49084320047,0.030040891
4/15/2024,63426.21094,66878.64844,62332.07031,65739.64844,43595917654,-0.035177372
4/16/2024,63811.86328,64355.66797,61716.40234,63419.29688,42847528078,0.006080331
4/17/2024,61276.69141,64486.36328,59768.58594,63831.84766,41915247049,-0.039728849
4/18/2024,63512.75391,64125.6875,60833.48047,61275.31641,36006307335,0.036491241
4/19/2024,63843.57031,65481.59766,59651.39063,63510.75,49920425401,0.005208661
4/20/2024,64994.44141,65442.45703,63172.40234,63851.10156,23097485495,0.018026421
4/21/2024,64926.64453,65723.24219,64277.72266,64992.81641,20506644853,-0.001043118
4/22/2024,66837.67969,67233.96094,64548.17969,64935.63281,28282686673,0.029433758
4/23/2024,66407.27344,67199.24219,65864.86719,66839.89063,24310975583,-0.006439575
4/24/2024,64276.89844,67075.36719,63589.87109,66408.71875,30276655120,-0.032080447
4/25/2024,64481.70703,65275.20703,62783.63281,64275.01953,32155786816,0.003186348
4/26/2024,63755.32031,64789.65625,63322.39844,64485.37109,24139372950,-0.011265004
4/27/2024,63419.14063,63898.36328,62424.71875,63750.98828,19530783039,-0.005272967
4/28/2024,63113.23047,64321.48438,62793.59766,63423.51563,17334827993,-0.004823625
4/29/2024,63841.12109,64174.87891,61795.45703,63106.36328,26635912073,0.011533091
4/30/2024,60636.85547,64703.33203,59120.06641,63839.41797,37840840057,-0.050191249
5/1/2024,58254.01172,60780.5,56555.29297,60609.49609,48439780271,-0.039296954
5/2/2024,59123.43359,59602.29688,56937.20313,58253.70313,32711813559,0.01492467
5/3/2024,62889.83594,63320.50391,58848.3125,59122.30078,33172023048,0.063704053
5/4/2024,63891.47266,64494.95703,62599.35156,62891.03125,20620477992,0.015926846
5/5/2024,64031.13281,64610.89063,62955.30469,63892.45313,18296164805,0.002185897
5/6/2024,63161.94922,65494.90234,62746.23828,64038.3125,28697928697,-0.01357439
5/7/2024,62334.81641,64390.45703,62285.98047,63162.76172,25930730982,-0.013095429
5/8/2024,61187.94141,62986.08594,60877.12891,62332.64063,26088172222,-0.018398626
5/9/2024,63049.96094,63404.91406,60648.07422,61191.19922,25453338161,0.030431152
5/10/2024,60792.77734,63446.74219,60208.78125,63055.19141,27804954694,-0.035799921
5/11/2024,60793.71094,61451.15234,60492.625,60793.35547,13842272968,1.54E-05
5/12/2024,61448.39453,61818.15625,60632.60156,60793.50391,13800459405,0.010768936
5/13/2024,62901.44922,63422.66016,60769.83984,61451.21875,27889181179,0.023646748
5/14/2024,61552.78906,63092.125,61123.76563,62900.77344,28186271527,-0.021440844
5/15/2024,66267.49219,66454.45313,61330.41016,61553.98828,39815167074,0.076596093
5/16/2024,65231.58203,66712.42969,64613.05469,66256.10938,31573077994,-0.015632252
5/17/2024,67051.875,67459.46094,65119.31641,65231.29688,28031279310,0.027905087
5/18/2024,66940.80469,67387.32813,66663.5,67066.21094,16712277406,-0.001656483
5/19/2024,66278.36719,67694.29688,65937.17969,66937.92969,19249094538,-0.00989587
5/20/2024,71448.19531,71483.5625,66086.17188,66278.74219,43850655717,0.078001742
5/21/2024,70136.53125,71946.46094,69191.125,71443.0625,46932005990,-0.018358253
5/22/2024,69122.33594,70623.69531,68977.69531,70135.32031,32802561717,-0.0144603
5/23/2024,67929.5625,70041.27344,66356.95313,69121.30469,41895680979,-0.017255977
5/24/2024,68526.10156,69220.29688,66622.67188,67928.13281,29197308153,0.00878173
5/25/2024,69265.94531,69579.32031,68515.82031,68526.92188,15473071741,0.010796525
5/26/2024,68518.09375,69506.22656,68183.89063,69264.28906,15628433737,-0.010796814
5/27/2024,69394.55469,70597.88281,68232.5,68512.17969,25870990717,0.012791671
5/28/2024,68296.21875,69514.64063,67227.15625,69392.19531,32722265965,-0.015827408
5/29/2024,67578.09375,68852.46094,67101.49219,68296.35156,26707072906,-0.010514857
5/30/2024,68364.99219,69500.53906,67118.07813,67576.08594,29509712534,0.011644283
5/31/2024,67491.41406,68999.5625,66633.42188,68362.51563,27387283769,-0.01277815
6/1/2024,67706.9375,67839.76563,67386.19531,67489.60938,11641495604,0.003193346
6/2/2024,67751.60156,68409.16406,67315.52344,67710.27344,17110588415,0.000659667
6/3/2024,68804.78125,70230.82031,67589.83594,67753.89844,32401285324,0.01554472
6/4/2024,70567.76563,71047.40625,68564.64063,68804.57031,33149696545,0.025622992
6/5/2024,71082.82031,71735.41406,70390.71094,70568.35156,32810771409,0.007298725
6/6/2024,70757.16406,71625.73438,70119.125,71082.84375,25223152007,-0.004581364
6/7/2024,69342.58594,71907.85156,68507.25781,70759.1875,36188381096,-0.019992013
6/8/2024,69305.77344,69533.32031,69210.74219,69324.17969,14262185861,-0.000530879
6/9/2024,69647.99219,69817.52344,69160.84375,69297.49219,13534028500,0.00493781
6/10/2024,69512.28125,70146.07031,69232.42188,69644.3125,20597699541,-0.001948526
6/11/2024,67332.03125,69549.41406,66123.60156,69508.07813,37116136345,-0.031364961
6/12/2024,68241.1875,69977.89063,66902.45313,67321.375,34497940694,0.013502582
6/13/2024,66756.39844,68365.78125,66304.5625,68243.10156,28955204146,-0.021757961
6/14/2024,66011.09375,67294.64844,65056.89453,66747.57031,27403884779,-0.011164543
6/15/2024,66191,66402.1875,65871.77344,66006.74219,14121265576,0.002725394
6/16/2024,66639.04688,66894.84375,66018.25,66189.35938,13281140541,0.006769
6/17/2024,66490.29688,67188.32031,65094.96484,66636.51563,30006354476,-0.002232175
6/18/2024,65140.74609,66556.70313,64066.95703,66490.97656,39481285950,-0.020296958
6/19/2024,64960.29688,65695.35156,64693.30078,65146.66016,21103423504,-0.002770144
6/20/2024,64828.65625,66438.96094,64547.84766,64960.29688,25641109124,-0.002026478
6/21/2024,64096.19922,65007.54688,63378.89453,64837.98828,26188171739,-0.011298353
6/22/2024,64252.57813,64475.46875,63929.75781,64113.86328,9858198793,0.002439753
6/23/2024,63180.79688,64491.70313,63180.79688,64248.96484,11170471802,-0.016680751
6/24/2024,60277.41406,63292.52734,58601.69922,63173.35156,43152133651,-0.045953564
6/25/2024,61804.64063,62258.26172,60239.75,60266.28125,29201215431,0.02533663
6/26/2024,60811.27734,62434.13672,60695.1875,61789.67578,22506003064,-0.016072633
6/27/2024,61604.80078,62293.86328,60585.33203,60811.22656,21231745045,0.013048952
6/28/2024,60320.13672,62126.09766,59985.40234,61612.80469,24952866877,-0.020853311
6/29/2024,60887.37891,61097.62109,60300.96484,60319.875,12652903396,0.009403861
6/30/2024,62678.29297,62892.82813,60632.94922,60888.44531,17333226409,0.029413552
7/1/2024,62851.98047,63777.22656,62495.51172,62673.60547,25468379421,0.002771095
7/2/2024,62029.01563,63203.35938,61752.74609,62844.41016,20151616992,-0.013093698
7/3/2024,60173.92188,62187.70313,59419.38672,62034.33203,29756701685,-0.029906871
7/4/2024,56977.70313,60399.67578,56777.80469,60147.13672,41149609230,-0.053116344
7/5/2024,56662.375,57497.15234,53717.375,57022.80859,55417544033,-0.005534237
7/6/2024,58303.53906,58472.54688,56038.96094,56659.07422,20610320577,0.028963912
7/7/2024,55849.10938,58371.12109,55793.32422,58239.42969,20553359505,-0.042097439
7/8/2024,56705.09766,58131.33594,54321.01953,55849.57422,39766159899,0.015326803
7/9/2024,58009.22656,58239.19531,56316.875,56704.59766,27849512607,0.022998442
7/10/2024,57742.49609,59359.43359,57178.41406,58033.88281,26175260526,-0.00459807
7/11/2024,57344.91406,59299.43359,57120.37891,57729.89063,28707803842,-0.006885432
7/12/2024,57899.46484,58532.55469,56590.17578,57341.19531,25604805221,0.009670444
7/13/2024,59231.95313,59787.07813,57796.44141,57908.73828,17080061806,0.023013827
7/14/2024,60787.79297,61329.52734,59225.25,59225.25,22223416061,0.026266901
7/15/2024,64870.15234,64870.15234,60704.92969,60815.45703,38094526099,0.067157552
7/16/2024,65097.14844,65354.33984,62487.96875,64784.41797,41617346768,0.003499238
7/17/2024,64118.79297,66066.73438,63896.08594,65091.83203,32525071311,-0.01502916
7/18/2024,63974.06641,65104.66016,63246.16406,64104.73828,27239305337,-0.002257163
7/19/2024,66710.15625,67442.64063,63329.34375,63972.32422,37003855410,0.042768734
7/20/2024,67163.64844,67610.73438,66299.61719,66709.92188,19029581250,0.006797948
7/21/2024,68154.52344,68372.90625,65842.29688,67164.91406,26652190004,0.014753144
7/22/2024,67585.25,68480.0625,66611.29688,68152.97656,42649109453,-0.008352688
7/23/2024,65927.67188,67779.01563,65484.46094,67584.80469,35605668666,-0.024525738
7/24/2024,65372.13281,67113.98438,65146.99609,65927.85938,27470942309,-0.008426493
7/25/2024,65777.22656,66112.42188,63473.47266,65375.875,38315761670,0.006196734
7/26/2024,67912.0625,68207.60156,65743.76563,65771.8125,30488630457,0.032455548
7/27/2024,67813.33594,69398.50781,66705.21875,67911.8125,34691905492,-0.001453741
7/28/2024,68255.86719,68301.85156,67085.82813,67808.65625,18043166945,0.006525726
7/29/2024,66819.91406,69987.53906,66532.59375,68259.05469,40780682628,-0.021037798
7/30/2024,66201.01563,66987.67188,65323.19141,66819.05469,31380492109,-0.009262185
7/31/2024,64619.25,66810.21094,64532.04688,66201.27344,31292785994,-0.023893374
8/1/2024,65357.5,65593.24219,62248.94141,64625.83984,40975554494,0.011424614
8/2/2024,61415.06641,65523.22266,61184.89453,65353.5,43060875727,-0.060321059
8/3/2024,60680.09375,62148.37109,59836.52734,61414.80859,31753030589,-0.011967302
8/4/2024,58116.97656,61062.98828,57210.80469,60676.09375,31758917219,-0.042239836
8/5/2024,53991.45703,58268.82813,49121.23828,58110.29688,1.09E+11,-0.070986479
8/6/2024,56034.31641,57059.91797,53973.27344,53991.34766,49300484106,0.037836715
8/7/2024,55027.46094,57726.88281,54620.50781,56040.63281,41637562185,-0.017968551
8/8/2024,61710.13672,62673.76563,54766.72656,55030.02734,45298472567,0.121442561
8/9/2024,60880.11328,61751.86328,59587.85938,61728.20703,33425553115,-0.013450358
8/10/2024,60945.8125,61464.51172,60287.56641,60881.23047,15745822278,0.001079157
8/11/2024,58719.48438,61778.66016,58348.82422,60944.89063,22759754812,-0.036529632
8/12/2024,59354.51563,60680.33203,57688.89844,58719.39453,37078637820,0.01081466
8/13/2024,60609.56641,61572.39844,58506.25391,59356.20703,30327698167,0.021144992
8/14/2024,58737.26953,61687.75781,58472.875,60611.05078,29961696180,-0.030891112
8/15/2024,57560.09766,59838.64844,56161.59375,58733.26172,35682112440,-0.020041311
8/16/2024,58894.10547,59847.35938,57110.01953,57560.27344,29350938673,0.023175913
8/17/2024,59478.97266,59694.66797,58814.83203,58893.53125,13589684021,0.009930827
8/18/2024,58483.96484,60262.71875,58445.40234,59468.13281,17740625837,-0.016728732
8/19/2024,59493.45313,59612.66016,57864.71094,58480.71094,25911207712,0.017260941
8/20/2024,59012.79297,61396.32813,58610.88281,59493.45313,31613400008,-0.008079211
8/21/2024,61175.19141,61834.35156,58823.44531,59014.98828,32731154072,0.036642876
8/22/2024,60381.91406,61408.10938,59815.25391,61168.31641,27625734377,-0.012967305
8/23/2024,64094.35547,64947.0625,60372.05078,60380.95313,42530509233,0.061482672
8/24/2024,64178.99219,64513.78906,63619.91797,64103.87109,21430585163,0.001320502
8/25/2024,64333.54297,64996.42188,63833.51953,64176.36719,18827683555,0.002408121
8/26/2024,62880.66016,64489.70703,62849.55859,64342.22656,27682040631,-0.022583597
8/27/2024,59504.13281,63210.79688,58116.75,62879.70703,39103882198,-0.05369739
8/28/2024,59027.625,60236.44922,57890.67578,59507.92578,40289564698,-0.008007978
8/29/2024,59388.17969,61184.08203,58786.22656,59027.46875,32224990582,0.006108236
8/30/2024,59119.47656,59896.88672,57768.53125,59388.60156,32292756405,-0.004524522
8/31/2024,58969.89844,59432.59375,58768.78516,59117.48047,12403470760,-0.002530099
9/1/2024,57325.48828,59062.07031,57217.82422,58969.80078,24592449997,-0.027885586
9/2/2024,59112.48047,59403.07031,57136.02734,57326.96875,27036454524,0.031172734
9/3/2024,57431.02344,59815.05859,57425.16797,59106.19141,26666961053,-0.028445043
9/4/2024,57971.53906,58511.57031,55673.16406,57430.34766,35627680312,0.009411562
9/5/2024,56160.48828,58300.58203,55712.45313,57971.70313,31030280656,-0.031240343
9/6/2024,53948.75391,56976.10938,52598.69922,56160.19141,49361693566,-0.039382392
9/7/2024,54139.6875,54838.14453,53740.07031,53949.08594,19061486526,0.003539166
9/8/2024,54841.56641,55300.85938,53653.75781,54147.93359,18268287531,0.012964222
9/9/2024,57019.53516,58041.125,54598.43359,54851.88672,34618096173,0.039713832
9/10/2024,57648.71094,58029.97656,56419.41406,57020.09766,28857630507,0.01103439
9/11/2024,57343.17188,57991.32031,55567.33984,57650.28906,37049062672,-0.005300016
9/12/2024,58127.01172,58534.35938,57330.10156,57343.17188,33835707949,0.013669279
9/13/2024,60571.30078,60648.02344,57650.11328,58130.32422,32490528356,0.04205083
9/14/2024,60005.12109,60656.72266,59517.88281,60569.11719,16428405496,-0.009347326
9/15/2024,59182.83594,60381.91797,58696.30859,60000.72656,18120960867,-0.013703583
9/16/2024,58192.50781,59205.51172,57501.33984,59185.22656,32032822113,-0.016733367
9/17/2024,60308.53906,61316.08984,57628.07031,58192.50781,38075570118,0.036362606
9/18/2024,61649.67969,61664.06641,59218.25391,60309,40990702891,0.022237989
9/19/2024,62940.45703,63872.44141,61609.86719,61651.15625,42710252573,0.020937292
9/20/2024,63192.97656,64119.53125,62364.60547,62941.42578,35177164222,0.004012038
9/21/2024,63394.83984,63543.35938,62783.10547,63184.33984,14408616220,0.003194394
9/22/2024,63648.71094,63993.42188,62440.72656,63396.80469,20183348802,0.004004602
9/23/2024,63329.80078,64733.55859,62628.07813,63643.10156,31400285425,-0.005010473
9/24/2024,64301.96875,64695.21484,62737.41797,63326.83984,29938335243,0.015350877
9/25/2024,63143.14453,64804.50391,62945.375,64302.58984,25078377700,-0.018021598
9/26/2024,65181.01953,65790.79688,62669.26953,63138.54688,36873129847,0.032273892
9/27/2024,65790.66406,66480.69531,64852.99219,65180.66406,32058813449,0.009353099
9/28/2024,65887.64844,66255.53125,65458.03516,65792.17969,15243637984,0.001474136
9/29/2024,65635.30469,66069.34375,65450.01563,65888.89844,14788214575,-0.00382991
9/30/2024,63329.5,65635.05469,62873.61719,65634.65625,37112957475,-0.035130555
10/1/2024,60837.00781,64110.98047,60189.27734,63335.60547,50220923500,-0.039357522
10/2/2024,60632.78516,62357.6875,59996.94922,60836.32422,40762722398,-0.003356882
10/3/2024,60759.40234,61469.03906,59878.80469,60632.48438,36106447279,0.002088263
10/4/2024,62067.47656,62465.99219,60459.94141,60754.625,29585472513,0.021528754
10/5/2024,62089.94922,62371.02344,61689.58203,62067.60938,13305410749,0.000362068
10/6/2024,62818.95313,62959.57031,61833.14844,62084.98828,14776233667,0.011741094
10/7/2024,62236.66016,64443.70703,62152.55078,62819.10938,34253562610,-0.009269384
10/8/2024,62131.96875,63174.30469,61843.5625,62221.64453,28134475157,-0.00168215
10/9/2024,60582.10156,62508.83594,60314.61328,62131.72656,27670982363,-0.024944762
10/10/2024,60274.5,61236.72266,58895.20703,60581.92969,30452813570,-0.005077433
10/11/2024,62445.08984,63400.87109,60046.125,60275.46094,30327141594,0.036011744
10/12/2024,63193.02344,63448.78516,62443.26953,62444.61719,16744110886,0.01197746
10/13/2024,62851.375,63272.65234,62035.63672,63192.94531,18177529690,-0.005406427
10/14/2024,66046.125,66482.49219,62442.15234,62848.39844,43706958056,0.050830232
10/15/2024,67041.10938,67881.67969,64809.19531,66050.36719,48863870879,0.015064992
10/16/2024,67612.71875,68375.28906,66758.72656,67042.46094,38195189534,0.008526252
10/17/2024,67399.83594,67912.21094,66647.39063,67617.07813,32790898511,-0.003148562
10/18/2024,68418.78906,68969.75,67177.82031,67419.10938,36857165014,0.015118036
10/19/2024,68362.73438,68668.00781,68024.64063,68418.97656,14443497908,-0.000819288
10/20/2024,69001.70313,69359.00781,68105.71875,68364.17969,18975847518,0.009346741
10/21/2024,67367.85156,69462.73438,66829.85156,69002,37498611780,-0.023678424
10/22/2024,67361.40625,67801.57813,66581.36719,67360.70313,31808472566,-9.57E-05
10/23/2024,66432.19531,67402.74219,65188.03516,67362.375,32263980353,-0.013794411
10/24/2024,68161.05469,68798.96094,66454.10156,66653.70313,31414428647,0.02602442
10/25/2024,66642.41406,68722.15625,65521.79297,68165.29688,41469984306,-0.022280181
10/26/2024,67014.69531,67317.92188,66360.59375,66628.73438,19588098156,0.005586251
10/27/2024,67929.29688,68221.3125,66847.22656,67023.47656,16721307878,0.013647776
10/28/2024,69907.75781,70212.26563,67535.13281,67922.67188,38799856657,0.029125297
10/29/2024,72720.49219,73577.21094,69729.91406,69910.04688,58541874402,0.040234939
10/30/2024,72339.53906,72905.29688,71411.73438,72715.36719,40646637831,-0.005238594
10/31/2024,70215.1875,72662.3125,69590.5,72335.04688,40627912076,-0.029366396
11/1/2024,69482.46875,71559.01563,68779.70313,70216.89844,49989795365,-0.010435331
11/2/2024,69289.27344,69867.35156,69033.71875,69486.02344,18184612091,-0.00278049
11/3/2024,68741.11719,69361.65625,67482.52344,69296.38281,34868307655,-0.007911127
11/4/2024,67811.50781,69433.17969,66803.64844,68742.13281,41184819348,-0.013523338
11/5/2024,69359.5625,70522.78906,67458.86719,67811.17188,46046889204,0.02282879
11/6/2024,75639.07813,76460.15625,69322.03125,69358.5,1.19E+11,0.090535687
11/7/2024,75904.85938,76943.11719,74480.42188,75637.08594,63467654989,0.003513809
11/8/2024,76545.47656,77252.75,75648.74219,75902.83594,55176858003,0.008439739
11/9/2024,76778.86719,76932.76563,75773.78906,76556.1875,29009480361,0.003049045
11/10/2024,80474.1875,81474.42188,76565.42969,76775.54688,82570594495,0.048129394
11/11/2024,88701.48438,89604.5,80283.25,80471.41406,1.18E+11,0.102235228
11/12/2024,87955.8125,89956.88281,85155.10938,88705.5625,1.34E+11,-0.008406532
11/13/2024,90584.16406,93434.35156,86256.92969,87929.96875,1.24E+11,0.029882636
11/14/2024,87250.42969,91765.21875,86682.8125,90574.88281,87616705248,-0.036802618
11/15/2024,91066.00781,91868.74219,87124.89844,87284.17969,78243109518,0.043731339
11/16/2024,90558.47656,91763.94531,90094.22656,91064.36719,44333192814,-0.005573224
11/17/2024,89845.85156,91433.03906,88741.66406,90558.46094,46350159305,-0.007869225
11/18/2024,90542.64063,92596.78906,89393.59375,89843.71875,75535775084,0.007755384
11/19/2024,92343.78906,94002.86719,90426.98438,90536.8125,74521048295,0.01989282
11/20/2024,94339.49219,94902.02344,91619.5,92341.89063,71730956426,0.021611666
11/21/2024,98504.72656,99014.21875,94132.60156,94334.64063,1.06E+11,0.044151545
11/22/2024,98997.66406,99655.5,97222.66406,98496.42969,78473580551,0.005004201
11/23/2024,97777.28125,99014.67969,97232.89063,99006.74219,44414644677,-0.01232739
11/24/2024,98013.82031,98647.17969,95788.07813,97778.09375,51712020623,0.002419162
11/25/2024,93102.29688,98935.03125,92642.91406,98033.44531,80909462490,-0.050110519
11/26/2024,91985.32031,94991.75,90770.8125,93087.28125,91656519855,-0.011997304
11/27/2024,95962.53125,97361.17969,91778.66406,91978.14063,71133452438,0.043237453
11/28/2024,95652.46875,96650.20313,94677.35156,95954.94531,52260008261,-0.003231079
11/29/2024,97461.52344,98693.17188,95407.88281,95653.95313,54968682476,0.018912786
11/30/2024,96449.05469,97499.34375,96144.21875,97468.8125,31634227866,-0.010388394
12/1/2024,97279.78906,97888.125,95770.1875,96461.33594,36590695296,0.008613194
12/2/2024,95865.30469,98152.60156,94482.86719,97276.00781,72680784305,-0.014540373
12/3/2024,96002.16406,96297.20313,93629.5625,95854.59375,67067810961,0.001427622
12/4/2024,98768.53125,99207.32813,94660.52344,95988.53125,77199817112,0.028815675
12/5/2024,96593.57031,103900.4688,91998.78125,98741.53906,1.49E+11,-0.022020789
12/6/2024,99920.71094,102039.8828,96514.875,97074.22656,94534772658,0.034444742
12/7/2024,99923.33594,100563.3828,99030.88281,99916.71094,44177510897,2.63E-05
12/8/2024,101236.0156,101399.9922,98771.51563,99921.91406,44125751925,0.013136868
12/9/2024,97432.71875,101272.5078,94355.91406,101237.0625,1.11E+11,-0.037568615
12/10/2024,96675.42969,98270.15625,94321.25781,97441.23438,1.05E+11,-0.007772431
12/11/2024,101173.0313,101913.3594,95747.22656,96656.0625,85391409936,0.046522695
12/12/2024,100043,102524.9141,99339.95313,101167.8047,72073983533,-0.011169293
12/13/2024,101459.2578,101888.8047,99233.28125,100046.6484,56894751583,0.014156491
12/14/2024,101372.9688,102618.8828,100634.0547,101451.4375,40422968793,-0.00085048
12/15/2024,104298.6953,105047.5391,101227.0313,101373.5313,51145914137,0.028861013
12/16/2024,106029.7188,107780.5781,103322.9844,104293.5781,91020417816,0.016596789
12/17/2024,106140.6016,108268.4453,105291.7344,106030.6875,68589364868,0.001045771
12/18/2024,100041.5391,106470.6094,100041.5391,106147.2969,93865656139,-0.057462106
12/19/2024,97490.95313,102748.1484,95587.67969,100070.6875,97221662392,-0.025495269
12/20/2024,97755.92969,98098.91406,92175.17969,97484.69531,1.06E+11,0.002717961
12/21/2024,97224.72656,99507.10156,96426.52344,97756.19531,51765334294,-0.005433973
12/22/2024,95104.9375,97360.26563,94202.1875,97218.32031,43147981314,-0.021802983
12/23/2024,94686.24219,96416.21094,92403.13281,95099.39063,65239002919,-0.004402456
12/24/2024,98676.09375,99404.0625,93448.01563,94684.34375,47114953674,0.042137606
12/25/2024,99299.19531,99478.75,97593.46875,98675.91406,33700394629,0.006314615
12/26/2024,95795.51563,99884.57031,95137.88281,99297.69531,47054980873,-0.035284069
12/27/2024,94164.85938,97294.84375,93310.74219,95704.97656,52419934565,-0.017022261
12/28/2024,95163.92969,95525.89844,94014.28906,94160.1875,24107436185,0.0106098
12/29/2024,93530.22656,95174.875,92881.78906,95174.05469,29635885267,-0.017167252
12/30/2024,92643.21094,94903.32031,91317.13281,93527.19531,56188003691,-0.009483732
12/31/2024,93429.20313,96090.60156,91914.03125,92643.25,43625106843,0.008484078
